Operator	Transportas	Marsrutas	MarsrutasOrd	KryptiesPavadinimas	TvarkarascioMarsrutas	Pavadinimas	VehicleID	VehicleGarNum	PlanTrips	FaktTrips	RegularTrips	FaktRunID	PlanRunID	RegularTripsEnds
--------	-----------	---------	------------	-------------------	---------------------	-----------	---------	-------------	---------	---------	------------	---------	---------	----------------
VVT	Autobusai	1G	1	Stotis–Kalvarijų g.–Santariškės	1G	01-ž	2-3075	3008	22	22	10	617975	579280	11
VVT	Autobusai	1G	1	Stotis–Kalvarijų g.–Santariškės	1G	02	2-390	356	10	10	4	618244	579279	6
VVT	Autobusai	1G	1	Stotis–Kalvarijų g.–Santariškės	1G	03-ž	2-1803	743	21	21	15	618219	579284	17
VVT	Autobusai	1G	1	Stotis–Kalvarijų g.–Santariškės	1G	04	2-2585	283	10	9	8	618345	579286	8
VVT	Autobusai	1G	1	Stotis–Kalvarijų g.–Santariškės	1G	05	2-408	706	23	23	18	618038	579282	22
VVT	Autobusai	1G	1	Stotis–Kalvarijų g.–Santariškės	1G	06	2-2310	471	10	10	5	618263	579288	7
VVT	Autobusai	1G	1	Stotis–Kalvarijų g.–Santariškės	1G	07-ž	2-3028	777	21	21	14	617949	579283	15
VVT	Autobusai	1G	1	Stotis–Kalvarijų g.–Santariškės	1G	07-ž	BOU840	777R	21	0	0	617950	579283	0
VVT	Autobusai	1G	1	Stotis–Kalvarijų g.–Santariškės	1G	08	2-1379	521	10	10	3	618291	579278	6
VVT	Autobusai	1G	1	Stotis–Kalvarijų g.–Santariškės	1G	09-ž	2-2479	275	23	23	20	618227	579287	21
VVT	Autobusai	1G	1	Stotis–Kalvarijų g.–Santariškės	1G	10	2-3179	475	10	10	7	618346	579289	8
VVT	Autobusai	1G	1	Stotis–Kalvarijų g.–Santariškės	1G	11	2-1890	994	22	22	15	618004	579281	17
VVT	Autobusai	1G	1	Stotis–Kalvarijų g.–Santariškės	1G	12-ž	2-605	746	23	21	14	618336	579285	16
VVT	Autobusai	1G	1	Stotis–Kalvarijų g.–Santariškės	1G	12-ž	2-2172	59	23	2	2	618068	579285	2
VVT	Autobusai	1G	1	Stotis–Kalvarijų g.–Santariškės	1G	13	2-2413	511	20	20	14	618024	579290	16
VVT	Autobusai	1G	1	Stotis–Kalvarijų g.–Santariškės	1G	14	2-465	772	22	22	16	618205	579291	18
VVT	Autobusai	2G	2	Santariškės–Laisvės pr.–Stotis	2G	01-ž	2-17394	3010	18	18	10	618083	579317	12
VVT	Autobusai	2G	2	Santariškės–Laisvės pr.–Stotis	2G	02	2-2130	881	8	8	4	618220	579312	8
VVT	Autobusai	2G	2	Santariškės–Laisvės pr.–Stotis	2G	03	2-10567	3014	17	17	10	617928	579314	14
VVT	Autobusai	2G	2	Santariškės–Laisvės pr.–Stotis	2G	04	2-3184	518	8	8	4	618299	579311	5
VVT	Autobusai	2G	2	Santariškės–Laisvės pr.–Stotis	2G	05-ž	2-2918	770	18	18	8	618059	579316	15
VVT	Autobusai	2G	2	Santariškės–Laisvės pr.–Stotis	2G	06	2-2173	472	8	8	5	618327	579315	6
VVT	Autobusai	2G	2	Santariškės–Laisvės pr.–Stotis	2G	07	2-402	774	18	18	11	618148	579318	16
VVT	Autobusai	2G	2	Santariškės–Laisvės pr.–Stotis	2G	08	2-631	922	8	8	6	618331	579313	7
VVT	Autobusai	2G	2	Santariškės–Laisvės pr.–Stotis	2G	09-ž	2-2121	879	18	18	8	618213	579319	11
VVT	Autobusai	2G	2	Santariškės–Laisvės pr.–Stotis	2G	10	2-592	4016	8	4	1	618415	579321	1
VVT	Autobusai	2G	2	Santariškės–Laisvės pr.–Stotis	2G	10	2-577	51	8	4	0	618362	579321	0
VVT	Autobusai	2G	2	Santariškės–Laisvės pr.–Stotis	2G	11	2-2320	512	17	9	8	618406	579320	9
VVT	Autobusai	2G	2	Santariškės–Laisvės pr.–Stotis	2G	11	2-395	741	17	8	4	618204	579320	6
VVT	Autobusai	2G	2	Santariškės–Laisvės pr.–Stotis	2G	12	2-449	483	8	8	1	618366	579324	1
VVT	Autobusai	2G	2	Santariškės–Laisvės pr.–Stotis	2G	13-ž	2-464	740	17	17	6	618146	579322	13
VVT	Autobusai	2G	2	Santariškės–Laisvės pr.–Stotis	2G	14	2-2919	779	18	18	7	618012	579323	12
VVT	Autobusai	3G	3	Fabijoniškės–Centras–Oro uostas	3G	01-Ž	2-2994	776	22	22	20	617989	579344	21
VVT	Autobusai	3G	3	Fabijoniškės–Centras–Oro uostas	3G	02	2-1192	473	10	10	8	618285	579347	8
VVT	Autobusai	3G	3	Fabijoniškės–Centras–Oro uostas	3G	03-ž	2-2853	510	21	21	18	618172	579345	21
VVT	Autobusai	3G	3	Fabijoniškės–Centras–Oro uostas	3G	04	2-2509	4007	8	8	8	618303	579346	8
VVT	Autobusai	3G	3	Fabijoniškės–Centras–Oro uostas	3G	05	2-10682	4008	20	20	18	618060	579348	19
VVT	Autobusai	3G	3	Fabijoniškės–Centras–Oro uostas	3G	06	2-1614	528	8	8	5	618323	579349	5
VVT	Autobusai	3G	3	Fabijoniškės–Centras–Oro uostas	3G	07-ž	2-3061	167	20	20	15	618121	579350	18
VVT	Autobusai	3G	3	Fabijoniškės–Centras–Oro uostas	3G	08	2-1538	374	8	8	3	618341	579353	4
VVT	Autobusai	3G	3	Fabijoniškės–Centras–Oro uostas	3G	09-ž	2-2956	700	21	21	14	618031	579352	18
VVT	Autobusai	3G	3	Fabijoniškės–Centras–Oro uostas	3G	10	2-767	137	8	8	3	618340	579354	5
VVT	Autobusai	3G	3	Fabijoniškės–Centras–Oro uostas	3G	11	2-2957	702	20	20	9	618184	579351	17
VVT	Autobusai	3G	3	Fabijoniškės–Centras–Oro uostas	3G	12	2-1395	999	8	8	4	618374	579356	6
VVT	Autobusai	3G	3	Fabijoniškės–Centras–Oro uostas	3G	13-ž	2-2614	423	21	21	8	617981	579355	12
VVT	Autobusai	3G	3	Fabijoniškės–Centras–Oro uostas	3G	14	2-1914	748	20	12	5	618250	579357	8
VVT	Autobusai	3G	3	Fabijoniškės–Centras–Oro uostas	3G	14	2-3135	701	20	6	3	618424	579357	5
VVT	Autobusai	3G	3	Fabijoniškės–Centras–Oro uostas	3G	14	2-10482	826	20	0	0	618412	579357	0
VVT	Autobusai	3G	3	Fabijoniškės–Centras–Oro uostas	3G	14	2-488	885	20	0	0	618394	579357	0
VVT	Autobusai	3G	3	Fabijoniškės–Centras–Oro uostas	3G	15	2-964	773	21	21	11	618051	579358	18
VVT	Autobusai	4G	4	Pilaitė–Konstitucijos pr.–Saulėtekis	4G	01Ž	2-2984	747	20	20	10	618029	577875	11
VVT	Autobusai	4G	4	Pilaitė–Konstitucijos pr.–Saulėtekis	4G	02	2-1375	427	8	1	0	618248	577876	0
VVT	Autobusai	4G	4	Pilaitė–Konstitucijos pr.–Saulėtekis	4G	03Ž	2-280	745	19	19	10	618295	577873	11
VVT	Autobusai	4G	4	Pilaitė–Konstitucijos pr.–Saulėtekis	4G	04	2-1137	541	8	8	4	618288	577872	5
VVT	Autobusai	4G	4	Pilaitė–Konstitucijos pr.–Saulėtekis	4G	05Ž	2-673	883	18	18	6	618093	577879	10
VVT	Autobusai	4G	4	Pilaitė–Konstitucijos pr.–Saulėtekis	4G	06	2-160	428	8	8	1	618311	577877	2
VVT	Autobusai	4G	4	Pilaitė–Konstitucijos pr.–Saulėtekis	4G	07	2-806	544	20	20	15	618022	577880	16
VVT	Autobusai	4G	4	Pilaitė–Konstitucijos pr.–Saulėtekis	4G	08	2-189	547	8	6	5	618277	577878	6
VVT	Autobusai	4G	4	Pilaitė–Konstitucijos pr.–Saulėtekis	4G	08	2-3074	543	8	1	0	618423	577878	0
VVT	Autobusai	4G	4	Pilaitė–Konstitucijos pr.–Saulėtekis	4G	09	2-1447	336	20	20	10	618099	577871	13
VVT	Autobusai	4G	4	Pilaitė–Konstitucijos pr.–Saulėtekis	4G	10	2-1254	339	20	20	13	618082	577874	16
VVT	Autobusai	4G	4	Pilaitė–Konstitucijos pr.–Saulėtekis	4G	11	2-2749	338	18	18	15	618141	577870	15
VVT	Autobusai	4G	4	Pilaitė–Konstitucijos pr.–Saulėtekis	4G	12Ž	2-17440	446	20	0	0	618449	577881	0
VVT	Autobusai	5G	5	Pašilaičiai–Ozo g.–Saulėtekis	5G	01-ž	2-1773	997	22	22	15	618065	579378	18
VVT	Autobusai	5G	5	Pašilaičiai–Ozo g.–Saulėtekis	5G	02	2-1768	525	9	9	6	618249	579380	8
VVT	Autobusai	5G	5	Pašilaičiai–Ozo g.–Saulėtekis	5G	03	2-1622	523	20	20	17	618125	579382	19
VVT	Autobusai	5G	5	Pašilaičiai–Ozo g.–Saulėtekis	5G	04	2-679	227	9	9	8	618252	579385	9
VVT	Autobusai	5G	5	Pašilaičiai–Ozo g.–Saulėtekis	5G	04	VVB294	227R	9	0	0	618253	579385	0
VVT	Autobusai	5G	5	Pašilaičiai–Ozo g.–Saulėtekis	5G	05-ž	2-11476	996	21	21	17	617992	579383	18
VVT	Autobusai	5G	5	Pašilaičiai–Ozo g.–Saulėtekis	5G	06	2-230	4009	9	9	8	618286	579386	9
VVT	Autobusai	5G	5	Pašilaičiai–Ozo g.–Saulėtekis	5G	07	2-149	480	22	22	19	618077	579381	22
VVT	Autobusai	5G	5	Pašilaičiai–Ozo g.–Saulėtekis	5G	08	2-10684	872	9	5	4	618322	579387	4
VVT	Autobusai	5G	5	Pašilaičiai–Ozo g.–Saulėtekis	5G	08	2-10336	3013	9	4	2	618416	579387	4
VVT	Autobusai	5G	5	Pašilaičiai–Ozo g.–Saulėtekis	5G	09-ž	2-3157	708	22	22	15	618142	579384	19
VVT	Autobusai	5G	5	Pašilaičiai–Ozo g.–Saulėtekis	5G	10	2-2163	479	9	9	9	618296	579388	9
VVT	Autobusai	5G	5	Pašilaičiai–Ozo g.–Saulėtekis	5G	11	2-2875	959	22	22	16	618188	579379	19
VVT	Autobusai	5G	5	Pašilaičiai–Ozo g.–Saulėtekis	5G	12-ž	2-10423	981	22	22	14	618180	579389	21
VVT	Autobusai	5G	5	Pašilaičiai–Ozo g.–Saulėtekis	5G	13	2-1939	963	19	19	12	618370	579390	17
VVT	Autobusai	6G	6	Parko–Olandų g.–Žaliasis tiltas	6G	01-ž	2-3155	705	28	28	26	617948	579407	28
VVT	Autobusai	6G	6	Parko–Olandų g.–Žaliasis tiltas	6G	02	2-2569	276	12	12	12	617980	579409	12
VVT	Autobusai	6G	6	Parko–Olandų g.–Žaliasis tiltas	6G	03	2-1853	744	30	30	27	617926	579408	30
VVT	Autobusai	6G	6	Parko–Olandų g.–Žaliasis tiltas	6G	04	2-10369	873	12	12	7	618179	579411	11
VVT	Autobusai	6G	6	Parko–Olandų g.–Žaliasis tiltas	6G	05-Ž	2-17468	3012	30	30	29	618103	579410	29
VVT	Autobusai	6G	6	Parko–Olandų g.–Žaliasis tiltas	6G	06	2-2285	519	12	12	11	618108	579412	12
VVT	Autobusai	6G	6	Parko–Olandų g.–Žaliasis tiltas	6G	07	2-10376	874	28	28	21	618102	579413	24
VVT	Autobusai	1	1	Stotis–Vikingų g.–Oro uostas	1	01-Ž	2-2676	954	46	46	7	618020	567626	19
VVT	Autobusai	2	2	Stotis–Liepkalnio–Vikingų g.–Oro uostas	2	01-ž	2-683	730	44	44	30	618055	567592	35
VVT	Autobusai	3	3	Stotis–Eišiškių pl.–Dilgynė–Salininkai–Vaidotai	3	01	2-1991	790	20	20	6	617942	150798	11
VVT	Autobusai	3	3	Stotis–Eišiškių pl.–Dilgynė–Salininkai–Vaidotai	3	02	2-247	728	8	8	2	618261	150799	6
VVT	Autobusai	3	3	Stotis–Eišiškių pl.–Dilgynė–Salininkai–Vaidotai	3	03	2-3003	968	18	18	9	618091	150800	16
VVT	Autobusai	4	4	Stotis–Rodūnios kelias–Kirtimai	4	01	2-848	796	30	30	21	617929	103576	24
VVT	Autobusai	4	4	Stotis–Rodūnios kelias–Kirtimai	4	01	2-1842	197	30	1	0	618448	103576	0
VVT	Autobusai	4	4	Stotis–Rodūnios kelias–Kirtimai	4	01	2-2463	191	30	0	0	618381	103576	0
VVT	Autobusai	4	4	Stotis–Rodūnios kelias–Kirtimai	4	01	2-2373	532	30	0	0	618377	103576	0
VVT	Autobusai	4	4	Stotis–Rodūnios kelias–Kirtimai	4	01	2-1387	590	30	0	0	618393	103576	0
VVT	Autobusai	4	4	Stotis–Rodūnios kelias–Kirtimai	4	01	2-842	592	30	0	0	618438	103576	0
VVT	Autobusai	4	4	Stotis–Rodūnios kelias–Kirtimai	4	01	2-3138	713	30	0	0	618442	103576	0
VVT	Autobusai	4	4	Stotis–Rodūnios kelias–Kirtimai	4	01	2-818	718	30	0	0	618447	103576	0
VVT	Autobusai	4	4	Stotis–Rodūnios kelias–Kirtimai	4	01	2-2967	749	30	0	0	618440	103576	0
VVT	Autobusai	4	4	Stotis–Rodūnios kelias–Kirtimai	4	01	2-9992	801	30	0	0	618094	103576	0
VVT	Autobusai	4	4	Stotis–Rodūnios kelias–Kirtimai	4	01	EBK144	801R	30	0	0	618096	103576	0
VVT	Autobusai	4	4	Stotis–Rodūnios kelias–Kirtimai	4	01	2-10581	817	30	0	0	618443	103576	0
VVT	Autobusai	4	4	Stotis–Rodūnios kelias–Kirtimai	4	01	2-10679	825	30	0	0	618445	103576	0
VVT	Autobusai	4	4	Stotis–Rodūnios kelias–Kirtimai	4	01	2-474	831	30	0	0	618107	103576	0
VVT	Autobusai	4	4	Stotis–Rodūnios kelias–Kirtimai	4	01	2-10440	841	30	0	0	618383	103576	0
VVT	Autobusai	4	4	Stotis–Rodūnios kelias–Kirtimai	4	01	2-10005	862	30	0	0	618444	103576	0
VVT	Autobusai	4	4	Stotis–Rodūnios kelias–Kirtimai	4	01	2-661	889	30	0	0	618446	103576	0
VVT	Autobusai	4	4	Stotis–Rodūnios kelias–Kirtimai	4	01	2-1353	937	30	0	0	618450	103576	0
VVT	Autobusai	4	4	Stotis–Rodūnios kelias–Kirtimai	4	01	2-1341	944	30	0	0	618437	103576	0
VVT	Autobusai	4	4	Stotis–Rodūnios kelias–Kirtimai	4	01	2-2030	950	30	0	0	618379	103576	0
VVT	Autobusai	5	5	Pašilaičiai–Tuskulėnų g.–Šiaurės miestelis	5	01-Ž	2-252	769	27	27	19	618006	517151	22
VVT	Autobusai	5	5	Pašilaičiai–Tuskulėnų g.–Šiaurės miestelis	5	02	2-380	763	27	27	16	618109	517150	25
VVT	Autobusai	5	5	Pašilaičiai–Tuskulėnų g.–Šiaurės miestelis	5	03	2-3103	980	25	25	11	618217	517149	13
VVT	Autobusai	7	7	Šiaurės miestelis–Verkių g.–Viršuliškės–Lazdynai	7	01	2-2294	515	21	21	14	617968	579426	16
VVT	Autobusai	7	7	Šiaurės miestelis–Verkių g.–Viršuliškės–Lazdynai	7	02	2-2368	522	10	10	6	618164	579425	6
VVT	Autobusai	7	7	Šiaurės miestelis–Verkių g.–Viršuliškės–Lazdynai	7	03	2-2913	470	21	21	15	618186	579428	18
VVT	Autobusai	7	7	Šiaurės miestelis–Verkių g.–Viršuliškės–Lazdynai	7	04	2-2398	529	20	20	15	618245	579429	19
VVT	Autobusai	7	7	Šiaurės miestelis–Verkių g.–Viršuliškės–Lazdynai	7	05-Ž	2-17496	4015	20	20	13	618061	579427	16
VVT	Autobusai	8	8	Žemieji Paneriai–Aukštieji Paneriai–Vaidotai	8	01	2-188	764	28	27	20	617983	260301	24
VVT	Autobusai	8	8	Žemieji Paneriai–Aukštieji Paneriai–Vaidotai	8	02	2-3058	500	12	12	9	618032	260300	12
Privatus	Autobusai	9	9	Zuikių–Agrastų g.	9	01	2-10701	9009	16	16	16	618300	113482	16
VVT	Autobusai	10	10	Fabijoniškės–Baltupiai–Markučiai	10	01-Ž	2-320	793	18	18	13	617941	579433	14
VVT	Autobusai	10	10	Fabijoniškės–Baltupiai–Markučiai	10	02	2-2547	653	9	9	3	618192	579434	6
VVT	Autobusai	10	10	Fabijoniškės–Baltupiai–Markučiai	10	02	RVP452	653R	9	0	0	618197	579434	0
VVT	Autobusai	10	10	Fabijoniškės–Baltupiai–Markučiai	10	03	2-1353	937	19	19	13	618160	579432	16
VVT	Autobusai	10	10	Fabijoniškės–Baltupiai–Markučiai	10	04	2-383	939	8	8	7	618283	579431	8
VVT	Autobusai	10	10	Fabijoniškės–Baltupiai–Markučiai	10	05	2-1951	794	20	20	13	618036	579430	15
VVT	Autobusai	10	10	Fabijoniškės–Baltupiai–Markučiai	10	06	2-2898	715	9	9	3	618305	579437	5
VVT	Autobusai	10	10	Fabijoniškės–Baltupiai–Markučiai	10	07	2-1801	756	19	19	8	618120	579435	13
VVT	Autobusai	10	10	Fabijoniškės–Baltupiai–Markučiai	10	08	2-496	753	18	18	13	618320	579436	17
VVT	Autobusai	11	11	Žvėrynas–Senamiestis–Užupis	11	01-Ž	2-2504	193	28	20	14	618078	444115	15
VVT	Autobusai	11	11	Žvėrynas–Senamiestis–Užupis	11	01-Ž	2-569	766	28	8	2	618419	444115	3
VVT	Autobusai	11	11	Žvėrynas–Senamiestis–Užupis	11	02	2-245	196	31	16	9	618408	444116	10
VVT	Autobusai	11	11	Žvėrynas–Senamiestis–Užupis	11	02	2-710	858	31	14	11	618041	444116	11
VVT	Autobusai	12	12	Stotis–Rudamina–Skaidiškės	12	01	2-352	775	24	24	14	617923	567594	17
VVT	Autobusai	12	12	Stotis–Rudamina–Skaidiškės	12	02	2-817	3007	23	23	18	617943	567595	21
Privatus	Autobusai	13	13	Žemasis Pavilnys–Markučiai–Stotis–Vilkpėdė	13	01-mt	2-813	9205	30	30	18	618087	211617	21
Privatus	Autobusai	13	13	Žemasis Pavilnys–Markučiai–Stotis–Vilkpėdė	13	02-mt	2-2735	9201	30	30	23	618223	211619	27
Privatus	Autobusai	13	13	Žemasis Pavilnys–Markučiai–Stotis–Vilkpėdė	13	03	2-2923	824	12	12	8	618183	211618	8
Privatus	Autobusai	13	13	Žemasis Pavilnys–Markučiai–Stotis–Vilkpėdė	13	04-mt	2-349	9207	28	28	17	618356	211620	19
VVT	Autobusai	14	14	Grigaičiai–Parko–Arimų g.	14	01	2-200	719	22	22	15	617960	579452	19
VVT	Autobusai	15	15	Žolyno g.–Antakalnis–Turniškės	15	01-Ž	2-484	594	32	32	23	618140	579453	31
VVT	Autobusai	16	16	Stotis–Nemėžis–Skaidiškės	16	01	2-2983	530	24	24	19	617988	567600	21
VVT	Autobusai	16	16	Stotis–Nemėžis–Skaidiškės	16	02	2-11475	991	12	12	9	618171	567599	9
VVT	Autobusai	16	16	Stotis–Nemėžis–Skaidiškės	16	03	2-1503	52	27	22	15	618386	567598	15
VVT	Autobusai	16	16	Stotis–Nemėžis–Skaidiškės	16	03	2-10336	3013	27	5	5	617964	567598	5
VVT	Autobusai	17	17	Antakalnis–Nemenčinės pl.–Antaviliai	17	01	2-1636	527	31	31	27	618074	579458	30
VVT	Autobusai	18	18	Antakalnis–Dvarčionys–Parko g.	18	01-Ž	2-227	956	21	21	19	617961	260304	20
VVT	Autobusai	18	18	Antakalnis–Dvarčionys–Parko g.	18	02	2-3098	958	10	10	9	618174	260307	10
VVT	Autobusai	18	18	Antakalnis–Dvarčionys–Parko g.	18	03	2-2837	955	22	22	14	617958	260305	21
VVT	Autobusai	18	18	Antakalnis–Dvarčionys–Parko g.	18	03	2-2963	720	22	0	0	618429	260305	0
VVT	Autobusai	18	18	Antakalnis–Dvarčionys–Parko g.	18	04	2-10598	803	8	4	0	618422	260308	0
VVT	Autobusai	18	18	Antakalnis–Dvarčionys–Parko g.	18	04	2-10632	813	8	4	0	618335	260308	1
VVT	Autobusai	18	18	Antakalnis–Dvarčionys–Parko g.	18	05	2-644	938	23	23	11	618014	260306	21
VVT	Autobusai	19	19	Stotis–Lydos pl.–Salininkai	19	01-Ž	2-1347	509	28	28	23	618023	567606	26
VVT	Autobusai	19	19	Stotis–Lydos pl.–Salininkai	19	02	2-3041	526	28	28	11	617937	567607	22
VVT	Autobusai	19	19	Stotis–Lydos pl.–Salininkai	19	03	2-2198	516	27	21	11	617967	567605	14
VVT	Autobusai	19	19	Stotis–Lydos pl.–Salininkai	19	03	2-1431	56	27	6	5	618431	567605	5
Privatus	Autobusai	20	20	Žemieji Paneriai–Mūrinė Vokė–Lazdynai	20	01-mt	2-10398	9006	26	26	21	618154	579460	24
Privatus	Autobusai	20	20	Žemieji Paneriai–Mūrinė Vokė–Lazdynai	20	02-mt	2-3068	9111	27	27	20	618193	579459	25
Privatus	Autobusai	20	20	Žemieji Paneriai–Mūrinė Vokė–Lazdynai	20	03-mt	2-2793	9012	27	27	25	618239	579461	26
Privatus	Autobusai	20	20	Žemieji Paneriai–Mūrinė Vokė–Lazdynai	20	04-mt	2-2049	9014	27	26	19	618161	579462	24
Privatus	Autobusai	20	20	Žemieji Paneriai–Mūrinė Vokė–Lazdynai	20	05	2-2743	977	23	23	8	618058	579463	14
VVT	Autobusai	21	21	Lazdynėliai–Lazdynai–Centras	21	01-Ž	2-1825	768	27	27	13	617993	579464	21
VVT	Autobusai	21	21	Lazdynėliai–Lazdynai–Centras	21	02	2-2833	962	27	27	13	618127	579465	21
VVT	Autobusai	22	22	Lazdynai–Oslo g.–Centras	22	01-Ž	2-2589	792	34	34	26	618007	539455	31
VVT	Autobusai	22	22	Lazdynai–Oslo g.–Centras	22	02	2-10679	825	13	13	10	618207	539458	11
VVT	Autobusai	22	22	Lazdynai–Oslo g.–Centras	22	03	2-10393	941	34	34	27	618080	539456	29
VVT	Autobusai	22	22	Lazdynai–Oslo g.–Centras	22	04	2-10700	840	13	7	4	618287	539457	5
VVT	Autobusai	22	22	Lazdynai–Oslo g.–Centras	22	04	2-474	831	13	6	5	618418	539457	5
VVT	Autobusai	23	23	Stotis–Švitrigailos g.–Lazdynai	23	01-Ž	2-2963	720	26	26	20	618069	539465	22
VVT	Autobusai	23	23	Stotis–Švitrigailos g.–Lazdynai	23	02	2-2858	652	25	17	12	618395	539466	16
VVT	Autobusai	23	23	Stotis–Švitrigailos g.–Lazdynai	23	02	2-1896	717	25	7	3	618016	539466	5
VVT	Autobusai	24	24	Fabijoniškės–Ukmergės g.–Žemieji Paneriai	24	01-ž	2-2821	514	24	24	13	618040	579468	21
VVT	Autobusai	24	24	Fabijoniškės–Ukmergės g.–Žemieji Paneriai	24	02	2-458	888	10	10	6	618157	579469	7
VVT	Autobusai	24	24	Fabijoniškės–Ukmergės g.–Žemieji Paneriai	24	03	2-968	878	24	24	15	618275	579470	17
VVT	Autobusai	24	24	Fabijoniškės–Ukmergės g.–Žemieji Paneriai	24	04	2-1381	517	11	11	9	618008	579466	10
VVT	Autobusai	24	24	Fabijoniškės–Ukmergės g.–Žemieji Paneriai	24	05	2-3176	477	24	24	14	618101	579471	17
VVT	Autobusai	24	24	Fabijoniškės–Ukmergės g.–Žemieji Paneriai	24	06	2-742	880	10	10	8	618198	579467	9
VVT	Autobusai	25	25	Žemieji Paneriai–V. A. Graičiūno g.	25	01	2-494	726	38	38	38	617919	339366	38
VVT	Autobusai	25	25	Žemieji Paneriai–V. A. Graičiūno g.	25	02	2-132	501	16	16	16	618215	339365	16
VVT	Autobusai	26	26	Ozo–Didlaukio–Baltupio g.–Bajorai	26	01	2-2487	189	37	37	28	617987	579472	30
VVT	Autobusai	27	27	Kalvarijų–Tuskulėnų–Olandų–Arimų g.	27	01	2-1846	957	27	27	13	617979	579476	15
VVT	Autobusai	27	27	Kalvarijų–Tuskulėnų–Olandų–Arimų g.	27	02	2-10384	828	12	12	7	618053	579475	10
VVT	Autobusai	27	27	Kalvarijų–Tuskulėnų–Olandų–Arimų g.	27	03	2-1011	78	12	12	6	618272	579477	6
Privatus	Autobusai	28	28	Žemieji Paneriai–Grigiškės	28	01-ž	2-2713	9001	54	52	43	618089	444122	46
Privatus	Autobusai	28	28	Žemieji Paneriai–Grigiškės	28	02	2-2602	9004	29	29	29	618221	444123	29
Privatus	Autobusai	28	28	Žemieji Paneriai–Grigiškės	28	03	2-3130	9002	25	25	24	618254	444124	24
Privatus	Autobusai	28	28	Žemieji Paneriai–Grigiškės	28	04	2-3063	9010	23	23	22	618056	444125	22
VVT	Autobusai	29	29	Vilkpėdė–Žemaitės g.–Lazdynai–Grigiškės	29	01-Ž	2-1899	765	28	28	21	617994	579481	23
VVT	Autobusai	29	29	Vilkpėdė–Žemaitės g.–Lazdynai–Grigiškės	29	02	2-9992	801	12	12	8	618128	579480	10
VVT	Autobusai	29	29	Vilkpėdė–Žemaitės g.–Lazdynai–Grigiškės	29	02	EBK144	801R	12	0	0	618130	579480	0
VVT	Autobusai	29	29	Vilkpėdė–Žemaitės g.–Lazdynai–Grigiškės	29	03	2-2587	785	26	26	19	618113	579482	22
VVT	Autobusai	29	29	Vilkpėdė–Žemaitės g.–Lazdynai–Grigiškės	29	04	2-195	967	26	26	14	618289	579483	22
VVT	Autobusai	30	30	Pilaitė–Konstitucijos pr.–Apkasų g.–Šiaurės miestelis	30	01	2-2288	953	26	26	7	617962	577897	17
VVT	Autobusai	30	30	Pilaitė–Konstitucijos pr.–Apkasų g.–Šiaurės miestelis	30	02	2-3191	712	12	12	7	618247	577898	9
VVT	Autobusai	30	30	Pilaitė–Konstitucijos pr.–Apkasų g.–Šiaurės miestelis	30	03Ž	2-193	760	26	26	12	618104	577899	19
VVT	Autobusai	30	30	Pilaitė–Konstitucijos pr.–Apkasų g.–Šiaurės miestelis	30	04	2-353	725	26	26	8	618168	577896	12
VVT	Autobusai	31	31	Stotis–Pavilnys–Naujoji Vilnia	31	01-Ž	2-17465	3011	19	19	9	618047	393683	17
VVT	Autobusai	31	31	Stotis–Pavilnys–Naujoji Vilnia	31	02	2-1624	170	10	10	3	618156	393687	8
VVT	Autobusai	31	31	Stotis–Pavilnys–Naujoji Vilnia	31	03	2-2701	520	19	19	7	618314	393684	12
VVT	Autobusai	31	31	Stotis–Pavilnys–Naujoji Vilnia	31	04	2-1345	474	9	9	8	618088	393685	9
VVT	Autobusai	31	31	Stotis–Pavilnys–Naujoji Vilnia	31	05	2-1860	990	20	20	11	617946	393686	18
VVT	Autobusai	32	32	Žvėrynas–Zujūnai–Gineitiškės–Pašilaičiai	32	01	2-3143	454	29	26	24	618357	577906	25
VVT	Autobusai	32	32	Žvėrynas–Zujūnai–Gineitiškės–Pašilaičiai	32	01	2-3140	496	29	3	3	618026	577906	3
VVT	Autobusai	32	32	Žvėrynas–Zujūnai–Gineitiškės–Pašilaičiai	32	02	2-181	499	27	27	23	618176	577907	25
VVT	Autobusai	33	33	Šiaurės miestelis–Rinktinės–Sukilėlių g.–Guriai	33	01-Ž	2-453	724	24	12	6	617976	476541	10
VVT	Autobusai	33	33	Šiaurės miestelis–Rinktinės–Sukilėlių g.–Guriai	33	01-Ž	2-2034	798	24	12	6	618403	476541	9
VVT	Autobusai	33	33	Šiaurės miestelis–Rinktinės–Sukilėlių g.–Guriai	33	02	2-792	969	10	6	6	618110	476543	6
VVT	Autobusai	33	33	Šiaurės miestelis–Rinktinės–Sukilėlių g.–Guriai	33	02	2-10647	816	10	4	2	618417	476543	3
VVT	Autobusai	33	33	Šiaurės miestelis–Rinktinės–Sukilėlių g.–Guriai	33	03	2-2499	960	25	25	12	617984	476542	18
VVT	Autobusai	34	34	Stotis–Olandų g.–Baltupiai–Jeruzalės g.–Visoriai	34	01-Ž	2-1361	970	18	18	10	617922	579488	17
VVT	Autobusai	34	34	Stotis–Olandų g.–Baltupiai–Jeruzalės g.–Visoriai	34	02	2-10488	850	9	9	2	618290	579491	6
VVT	Autobusai	34	34	Stotis–Olandų g.–Baltupiai–Jeruzalės g.–Visoriai	34	03	2-354	795	18	18	8	617934	579489	16
VVT	Autobusai	34	34	Stotis–Olandų g.–Baltupiai–Jeruzalės g.–Visoriai	34	04	2-10370	976	18	18	12	618076	579490	14
VVT	Autobusai	35	35	Žalgirio g.–Kalvarijų g.–Naujieji Verkiai–Ožkiniai	35	01	2-10584	935	23	23	19	617945	579499	23
VVT	Autobusai	35	35	Žalgirio g.–Kalvarijų g.–Naujieji Verkiai–Ožkiniai	35	02-ž	2-507	762	22	22	18	618105	579498	20
VVT	Autobusai	35	35	Žalgirio g.–Kalvarijų g.–Naujieji Verkiai–Ožkiniai	35	03	2-1840	754	10	10	8	618003	579500	9
VVT	Autobusai	36	36	Žalgirio–Kalvarijų g.–Balsiai–Naujaneriai–Pagubė	36	01	2-2432	992	21	21	19	618086	579507	21
VVT	Autobusai	36	36	Žalgirio–Kalvarijų g.–Balsiai–Naujaneriai–Pagubė	36	02	2-705	57	20	20	13	618017	579506	19
VVT	Autobusai	36	36	Žalgirio–Kalvarijų g.–Balsiai–Naujaneriai–Pagubė	36	03	2-2298	478	10	10	7	618273	579505	9
VVT	Autobusai	36	36	Žalgirio g.–Kalvarijų g.–Naujieji Verkiai–Ožkiniai	35	03	2-1840	754	1	1	1	618003	579500	1
VVT	Autobusai	37	37	Kalvarijų–Tuskulėnų–Olandų g.–Rokantiškės	37	01	2-736	761	34	34	21	617921	83113	24
VVT	Autobusai	38	38	Antakalnis–Dvarčionys–Šilėnų g.	38	01	2-543	723	31	31	30	617954	425998	31
VVT	Autobusai	38	38	Antakalnis–Dvarčionys–Šilėnų g.	38	02	2-83	757	32	30	26	618057	425997	30
VVT	Autobusai	39	39	Antakalnis–Nemenčinės pl.–Balžio g.	39	01	2-547	936	30	30	28	618013	83120	29
Privatus	Autobusai	40	40	Fabijoniškės–S.Stanevičiaus g.–Centras	40	01-Ž	2-1386	9316	30	16	9	618399	579516	14
Privatus	Autobusai	40	40	Fabijoniškės–S.Stanevičiaus g.–Centras	40	02	2-1495	9307	14	14	12	618328	579513	12
Privatus	Autobusai	40	40	Fabijoniškės–S.Stanevičiaus g.–Centras	40	03	2-1074	9303	30	30	18	618181	579512	24
Privatus	Autobusai	40	40	Fabijoniškės–S.Stanevičiaus g.–Centras	40	04	2-2296	9302	14	14	9	618353	579515	11
Privatus	Autobusai	40	40	Fabijoniškės–S.Stanevičiaus g.–Centras	40	05	2-362	9319	30	29	21	618234	579514	25
Privatus	Autobusai	40	40	Fabijoniškės–S.Stanevičiaus g.–Centras	40	06	2-1444	9304	14	14	10	618242	579517	10
Privatus	Autobusai	40	40	Fabijoniškės–S.Stanevičiaus g.–Centras	40	07	2-421	9317	28	7	7	618293	579518	7
VVT	Autobusai	41	41	Stotis–Eišiškių pl.–Užusienis	41	01	2-1716	971	34	34	28	618011	83145	31
VVT	Autobusai	42	42	Stotis–Eišiškių pl.–Salininkai	42	01-Ž	2-515	934	27	27	22	617931	426022	24
VVT	Autobusai	42	42	Stotis–Eišiškių pl.–Salininkai	42	02	2-10383	852	12	12	11	618137	426024	11
VVT	Autobusai	42	42	Stotis–Eišiškių pl.–Salininkai	42	03	2-500	799	28	28	21	618044	426023	25
VVT	Autobusai	43	43	Justiniškės–Šeškinė–Žaliasis tiltas–Centras	43	01-ž	2-1618	159	26	26	22	618049	577913	24
VVT	Autobusai	43	43	Justiniškės–Šeškinė–Žaliasis tiltas–Centras	43	02	2-257	545	12	12	7	618187	577911	8
VVT	Autobusai	43	43	Justiniškės–Šeškinė–Žaliasis tiltas–Centras	43	03	2-2295	598	25	25	13	618062	577910	15
VVT	Autobusai	43	43	Justiniškės–Šeškinė–Žaliasis tiltas–Centras	43	04	2-1370	595	12	10	6	618325	577912	7
VVT	Autobusai	43	43	Justiniškės–Šeškinė–Žaliasis tiltas–Centras	43	04	2-540	206	12	2	1	618427	577912	1
VVT	Autobusai	43	43	Justiniškės–Šeškinė–Žaliasis tiltas–Centras	43	05	2-2411	88	25	25	21	618151	577914	24
VVT	Autobusai	46	46	Pašilaičiai–A.Goštauto g.–Centras	46	01	2-2014	961	28	28	17	618005	579529	22
VVT	Autobusai	46	46	Pašilaičiai–A.Goštauto g.–Centras	46	02	2-818	718	12	12	4	618238	579531	8
VVT	Autobusai	46	46	Pašilaičiai–A.Goštauto g.–Centras	46	03-ž	2-2384	988	28	28	21	618075	579530	24
VVT	Autobusai	46	46	Pašilaičiai–A.Goštauto g.–Centras	46	04	2-973	984	28	23	16	618165	579532	21
VVT	Autobusai	46	46	Pašilaičiai–A.Goštauto g.–Centras	46	04	2-2015	966	28	4	4	618439	579532	4
VVT	Autobusai	46	46	Pašilaičiai–A.Goštauto g.–Centras	46	05	2-2942	710	12	12	7	618329	579533	10
VVT	Autobusai	48	48	Šeškinė–Pašilaičiai–Santariškės	48	01-Ž	2-10671	982	23	23	19	617940	426041	21
VVT	Autobusai	48	48	Šeškinė–Pašilaičiai–Santariškės	48	02	2-1610	786	24	24	18	618009	426042	19
VVT	Autobusai	48	48	Šeškinė–Pašilaičiai–Santariškės	48	03	2-10577	942	22	22	19	618203	426043	22
VVT	Autobusai	49	49	Ateities–Didlaukio–Žalgirio g.–Lazdynai–Bukčiai	49	01-Ž	2-11705	946	17	17	10	617951	579534	15
VVT	Autobusai	49	49	Ateities–Didlaukio–Žalgirio g.–Lazdynai–Bukčiai	49	02	2-296	729	16	16	10	618237	579536	14
VVT	Autobusai	49	49	Ateities–Didlaukio–Žalgirio g.–Lazdynai–Bukčiai	49	03	2-724	943	17	17	6	618050	579535	14
VVT	Autobusai	49	49	Ateities–Didlaukio–Žalgirio g.–Lazdynai–Bukčiai	49	04	2-361	787	16	9	4	618404	579538	9
VVT	Autobusai	49	49	Ateities–Didlaukio–Žalgirio g.–Lazdynai–Bukčiai	49	04	2-546	750	16	7	2	618153	579538	5
VVT	Autobusai	49	49	Ateities–Didlaukio–Žalgirio g.–Lazdynai–Bukčiai	49	05	2-3138	713	7	7	6	618243	579537	6
VVT	Autobusai	50	50	Antakalnis–Didlaukio g.–Jeruzalė–Bajorai	50	01-Ž	2-2389	985	20	20	15	617969	579539	17
VVT	Autobusai	50	50	Antakalnis–Didlaukio g.–Jeruzalė–Bajorai	50	02	2-348	890	9	9	6	618258	579540	7
VVT	Autobusai	50	50	Antakalnis–Didlaukio g.–Jeruzalė–Bajorai	50	03	2-726	782	21	21	17	617973	579541	20
VVT	Autobusai	50	50	Antakalnis–Didlaukio g.–Jeruzalė–Bajorai	50	04	2-2268	842	10	10	9	618262	579542	9
VVT	Autobusai	50	50	Antakalnis–Didlaukio g.–Jeruzalė–Bajorai	50	05	2-31	951	20	20	12	618194	579543	18
VVT	Autobusai	51	51	Žemieji Paneriai–Trakų Vokė–Daniliškės	51	01	2-2791	940	34	33	21	617982	449658	28
VVT	Autobusai	52	52	Centras–Ukmergės g.–Tarandė	52	01	2-407	759	23	23	8	618027	426070	16
VVT	Autobusai	52	52	Centras–Ukmergės g.–Tarandė	52	02	2-10681	949	24	24	10	618073	426069	15
VVT	Autobusai	52	52	Centras–Ukmergės g.–Tarandė	52	03	2-443	987	24	24	9	618185	426071	15
VVT	Autobusai	53	53	Fabijoniškės–Kalvarijų–Pylimo g.–Stotis	53	01	2-607	887	20	20	11	618018	579544	11
VVT	Autobusai	53	53	Fabijoniškės–Kalvarijų–Pylimo g.–Stotis	53	02	2-278	139	8	8	4	618271	579545	5
VVT	Autobusai	53	53	Fabijoniškės–Kalvarijų–Pylimo g.–Stotis	53	03-Ž	2-17405	4014	20	20	11	618112	579546	16
VVT	Autobusai	53	53	Fabijoniškės–Kalvarijų–Pylimo g.–Stotis	53	04	2-586	400	8	8	5	618302	579547	7
VVT	Autobusai	53	53	Fabijoniškės–Kalvarijų–Pylimo g.–Stotis	53	05	2-2075	482	20	20	6	618001	579548	9
VVT	Autobusai	53	53	Fabijoniškės–Kalvarijų–Pylimo g.–Stotis	53	06	2-579	4011	8	8	5	618315	579554	6
VVT	Autobusai	53	53	Fabijoniškės–Kalvarijų–Pylimo g.–Stotis	53	07-Ž	2-256	4012	20	20	10	618084	579550	16
VVT	Autobusai	53	53	Fabijoniškės–Kalvarijų–Pylimo g.–Stotis	53	08	2-10611	279	8	8	3	618332	579552	5
VVT	Autobusai	53	53	Fabijoniškės–Kalvarijų–Pylimo g.–Stotis	53	09	2-2224	60	20	20	7	618155	579551	11
VVT	Autobusai	53	53	Fabijoniškės–Kalvarijų–Pylimo g.–Stotis	53	10	2-293	114	20	20	13	618173	579553	15
VVT	Autobusai	53	53	Fabijoniškės–Kalvarijų–Pylimo g.–Stotis	53	11	2-10001	4017	20	20	14	618241	579549	16
VVT	Autobusai	54	54	Pilaitė–Lazdynai–Stotis	54	01-Ž	2-3188	505	23	23	20	618035	577922	21
VVT	Autobusai	54	54	Pilaitė–Lazdynai–Stotis	54	02	2-3140	496	21	3	3	618434	577923	3
VVT	Autobusai	55	55	Lazdynai–Laisvės pr.–Fabijoniškės–Santariškės	55	01-Ž	2-690	758	17	17	6	617996	579571	10
VVT	Autobusai	55	55	Lazdynai–Laisvės pr.–Fabijoniškės–Santariškės	55	02	2-10482	826	7	5	5	618216	579572	5
VVT	Autobusai	55	55	Lazdynai–Laisvės pr.–Fabijoniškės–Santariškės	55	03	2-531	933	17	17	12	618106	579573	16
VVT	Autobusai	55	55	Lazdynai–Laisvės pr.–Fabijoniškės–Santariškės	55	04	2-3070	651	7	7	3	618265	579574	7
VVT	Autobusai	55	55	Lazdynai–Laisvės pr.–Fabijoniškės–Santariškės	55	05	2-2568	952	17	17	9	618122	579575	17
Privatus	Autobusai	56	56	Fabijoniškės–Šeškinė–Konstitucijos pr.–Centras	56	01-ž	2-10657	9311	26	14	14	618124	579582	14
Privatus	Autobusai	56	56	Fabijoniškės–Šeškinė–Konstitucijos pr.–Centras	56	01-ž	2-10642	9313	26	12	11	618409	579582	12
Privatus	Autobusai	56	56	Fabijoniškės–Šeškinė–Konstitucijos pr.–Centras	56	02	2-10685	9308	12	12	12	618308	579583	12
Privatus	Autobusai	56	56	Fabijoniškės–Šeškinė–Konstitucijos pr.–Centras	56	03	2-10356	9309	28	28	19	618030	579584	23
Privatus	Autobusai	56	56	Fabijoniškės–Šeškinė–Konstitucijos pr.–Centras	56	04	2-2182	9318	26	26	23	618236	579585	23
Privatus	Autobusai	56	56	Fabijoniškės–Šeškinė–Konstitucijos pr.–Centras	56	05	2-10343	9310	10	10	8	618369	579586	9
VVT	Autobusai	57	57	Fabijoniškės–Ateities g.–Jeruzalė–Bajorai	57	01	2-2849	190	34	34	26	618037	432585	29
VVT	Autobusai	58	58	Stotis–Dzūkų g.–Minsko pl.–Kalnėnai–Guriai	58	01	2-823	830	33	25	19	618045	444135	23
VVT	Autobusai	58	58	Stotis–Dzūkų g.–Minsko pl.–Kalnėnai–Guriai	58	01	2-1747	846	33	4	4	618430	444135	4
VVT	Autobusai	58	58	Stotis–Dzūkų g.–Minsko pl.–Kalnėnai–Guriai	58	01	VVB473	397R	33	0	0	618046	444135	0
VVT	Autobusai	58	58	Stotis–Dzūkų g.–Minsko pl.–Kalnėnai–Guriai	58	02	2-10636	807	14	14	8	618081	444136	11
VVT	Autobusai	59	59	Grigiškės–Lazdynai–Laisvės pr.–Žvėrynas	59	01-Ž	2-1779	158	24	24	21	618054	577925	21
VVT	Autobusai	59	59	Grigiškės–Lazdynai–Laisvės pr.–Žvėrynas	59	02	2-262	622	10	10	5	618224	577924	5
VVT	Autobusai	59	59	Grigiškės–Lazdynai–Laisvės pr.–Žvėrynas	59	03	2-3177	455	25	25	18	618085	577926	20
Privatus	Autobusai	61	61	Stotis–Nemėžis–Kuprioniškės	61	01-mt	2-1990	9206	38	38	29	618229	567614	38
Privatus	Autobusai	61	61	Stotis–Nemėžis–Kuprioniškės	61	02-mt	2-17403	9209	18	18	12	618166	567615	18
Privatus	Autobusai	61	61	Stotis–Nemėžis–Kuprioniškės	61	03-mt	2-2786	9208	38	38	29	618226	567617	34
Privatus	Autobusai	61	61	Stotis–Nemėžis–Kuprioniškės	61	04-mt	2-1830	9210	18	18	12	618294	567616	17
VVT	Autobusai	63	63	Žvėrynas–Pilaitės pr.–Karveliškės	63	01	2-2015	966	32	32	16	618138	579587	21
VVT	Autobusai	65	65	Ožkiniai–Naujieji Verkiai–Balsių g.–Pagubė–Bireliai	65	01	NULL	???	16	0	0	0	426124	0
VVT	Autobusai	65	65	Ožkiniai–Naujieji Verkiai–Balsių g.–Pagubė–Bireliai	65	02	NULL	???	16	0	0	0	426125	0
VVT	Autobusai	66	66	Žalgirio–Kalvarijų–Žaliųjų Ežerų g.–Europos parkas–Skirgiškės	66	01	2-477	993	21	21	13	618033	579590	18
VVT	Autobusai	66	66	Žalgirio–Kalvarijų–Žaliųjų Ežerų g.–Europos parkas–Skirgiškės	66	02	2-561	707	10	10	8	618211	579589	10
VVT	Autobusai	67	67	Parko–Pramonės g.–Mickūnai	67	01	2-861	721	31	31	23	617938	579593	31
VVT	Autobusai	68	68	Lazdynai–Mūrinė Vokė–Lentvaris–Grigiškės	68	01	2-797	716	24	24	21	617963	539487	23
VVT	Autobusai	68	68	Lazdynai–Mūrinė Vokė–Lentvaris–Grigiškės	68	02	2-10580	805	10	10	9	618177	539488	9
VVT	Autobusai	68	68	Lazdynai–Mūrinė Vokė–Lentvaris–Grigiškės	68	03	2-10560	804	24	20	17	618098	539489	16
VVT	Autobusai	68	68	Lazdynai–Mūrinė Vokė–Lentvaris–Grigiškės	68	03	2-1896	717	24	4	4	618435	539489	4
VVT	Autobusai	69	69	Ateities–Didlaukio–Žalgirio g.–Lazdynai–Šiltnamių g.	69	01-Ž	2-10594	947	18	18	9	617974	579597	13
VVT	Autobusai	69	69	Ateities–Didlaukio–Žalgirio g.–Lazdynai–Šiltnamių g.	69	02	2-298	755	8	8	2	618278	579598	5
VVT	Autobusai	69	69	Ateities–Didlaukio–Žalgirio g.–Lazdynai–Šiltnamių g.	69	03	2-1970	780	18	18	13	618126	579596	17
VVT	Autobusai	73	73	Justiniškės–Centras–Naugarduko g.–Vilkpėdė	73	01	2-1236	624	22	22	13	618052	577931	18
VVT	Autobusai	73	73	Justiniškės–Centras–Naugarduko g.–Vilkpėdė	73	02	2-2380	153	10	10	3	618373	577930	7
VVT	Autobusai	73	73	Justiniškės–Centras–Naugarduko g.–Vilkpėdė	73	03	2-203	623	21	15	7	618235	577929	9
VVT	Autobusai	73	73	Justiniškės–Centras–Naugarduko g.–Vilkpėdė	73	03	2-654	152	21	4	2	618426	577929	3
VVT	Autobusai	73	73	Justiniškės–Centras–Naugarduko g.–Vilkpėdė	73	03	2-2396	498	21	0	0	618441	577929	0
VVT	Autobusai	73	73	Justiniškės–Centras–Naugarduko g.–Vilkpėdė	73	04	2-215	550	8	8	3	618333	577933	3
VVT	Autobusai	73	73	Justiniškės–Centras–Naugarduko g.–Vilkpėdė	73	05	2-2970	155	21	21	11	617965	577932	14
VVT	Autobusai	74	74	Stotis–Subačiaus–Parko g.	74	01	2-1085	974	28	28	18	618002	579599	25
VVT	Autobusai	74	74	Stotis–Subačiaus–Parko g.	74	02	2-2664	429	12	12	10	618139	579601	11
VVT	Autobusai	74	74	Stotis–Subačiaus–Parko g.	74	03	2-518	711	28	28	11	617986	579600	27
VVT	Autobusai	74	74	Stotis–Subačiaus–Parko g.	74	04	2-2375	531	13	13	9	618170	579602	12
VVT	Autobusai	74	74	Stotis–Subačiaus–Parko g.	74	05	2-513	789	28	28	17	618063	579603	24
VVT	Autobusai	74	74	Stotis–Subačiaus–Parko g.	74	06	2-2442	476	13	13	10	618255	579604	11
VVT	Autobusai	75	75	Santariškės–Šeškinė–Pilaitė	75	01-Ž	2-10375	448	16	16	11	617971	577940	14
VVT	Autobusai	75	75	Santariškės–Šeškinė–Pilaitė	75	02	NULL	???	8	0	0	0	577942	0
VVT	Autobusai	75	75	Santariškės–Šeškinė–Pilaitė	75	03	2-2986	494	16	16	8	617947	577941	12
VVT	Autobusai	75	75	Santariškės–Šeškinė–Pilaitė	75	04	2-1685	504	8	8	1	618169	577943	6
VVT	Autobusai	76	76	Ateities–Balsių g.–Sakališkės-Bireliai	76	01	2-2863	964	23	23	12	618071	608082	23
VVT	Autobusai	76	76	Ateities–Balsių g.–Sakališkės-Bireliai	76	02	2-2598	788	24	24	6	618209	608083	11
VVT	Autobusai	78	78	Stotis–Eišiškių pl.–Pagiriai	78	01	2-2381	524	24	20	16	618380	579610	18
VVT	Autobusai	78	78	Stotis–Eišiškių pl.–Pagiriai	78	01	2-2974	778	24	2	2	617936	579610	2
VVT	Autobusai	78	78	Stotis–Eišiškių pl.–Pagiriai	78	02	2-1687	390	10	10	6	618225	579609	6
VVT	Autobusai	78	78	Stotis–Eišiškių pl.–Pagiriai	78	03	2-588	3009	24	24	18	618100	579611	23
VVT	Autobusai	82	82	Stotis–Salininkai–Miškiniai–Juodšiliai	82	01	2-10486	932	28	28	12	617959	567620	19
VVT	Autobusai	82	82	Stotis–Salininkai–Miškiniai–Juodšiliai	82	02	2-2774	973	26	26	16	618133	567621	19
VVT	Autobusai	87	87	Ozo–Didlaukio g.–Molėtų pl.–Riešė–Bendorėliai–Šeškinė	87	01	2-2783	965	13	13	4	617952	583241	8
VVT	Autobusai	87	87	Ozo–Didlaukio g.–Molėtų pl.–Riešė–Bendorėliai–Šeškinė	87	02	2-1802	767	12	12	2	618178	583242	7
VVT	Autobusai	87	87	Ozo–Didlaukio g.–Molėtų pl.–Riešė–Bendorėliai–Šeškinė	87	03	2-9999	945	13	13	5	617953	583243	8
VVT	Autobusai	87	87	Ozo–Didlaukio g.–Molėtų pl.–Riešė–Bendorėliai–Šeškinė	87	04	2-10454	948	13	13	7	618115	583244	12
VVT	Autobusai	88	88	Oro uostas–Centras–Europos aikštė	88	01	2-524	918	25	25	15	617939	463368	21
VVT	Autobusai	88	88	Oro uostas–Centras–Europos aikštė	88	02	2-687	921	26	12	1	618396	463367	3
VVT	Autobusai	88	88	Oro uostas–Centras–Europos aikštė	88	02	2-1387	590	26	6	2	618428	463367	3
VVT	Autobusai	88	88	Oro uostas–Centras–Europos aikštė	88	02	2-1723	188	26	4	4	617985	463367	4
VVT	Autobusai	88	88	Oro uostas–Centras–Europos aikštė	88	02	2-1694	917	26	3	0	618382	463367	0
VVT	Autobusai	88	88	Oro uostas–Centras–Europos aikštė	88	03	2-376	919	24	24	16	618134	463366	20
VVT	Autobusai	101N	101	Saulėtekis–Žygimantų g.–Savanorių–Laisvės pr.–Fabijoniškės	101N	01	NULL	???	3	0	0	0	538208	0
VVT	Autobusai	101N	101	Saulėtekis–Žygimantų g.–Savanorių–Laisvės pr.–Fabijoniškės	101N	02	NULL	???	2	0	0	0	538209	0
VVT	Autobusai	101N	101	Saulėtekis–Žygimantų g.–Savanorių–Laisvės pr.–Fabijoniškės	101N	03	NULL	???	2	0	0	0	538210	0
VVT	Autobusai	102N	102	Pilaitė–Žvėrynas–Žygimantų–Maironio g.–Stotis	102N	01	NULL	???	4	0	0	0	538211	0
VVT	Autobusai	102N	102	Pilaitė–Žvėrynas–Žygimantų–Maironio g.–Stotis	102N	02	NULL	???	4	0	0	0	538212	0
VVT	Autobusai	103N	103	Santariškės–Didlaukio–Kalvarijų–Pylimo g.–Stotis–Gerosios Vilties st.	103N	01	NULL	???	4	0	0	0	538213	0
VVT	Autobusai	103N	103	Santariškės–Didlaukio–Kalvarijų–Pylimo g.–Stotis–Gerosios Vilties st.	103N	02	NULL	???	3	0	0	0	538214	0
VVT	Autobusai	103N	103	Santariškės–Didlaukio–Kalvarijų–Pylimo g.–Stotis–Gerosios Vilties st.	103N	03	NULL	???	3	0	0	0	538215	0
VVT	Autobusai	104N	104	Ateities–Žirmūnų–Pylimo g.–Naujininkai	104N	01	NULL	???	4	0	0	0	538216	0
VVT	Autobusai	104N	104	Ateities–Žirmūnų–Pylimo g.–Naujininkai	104N	02	NULL	???	3	0	0	0	538217	0
VVT	Autobusai	105N	105	Pašilaičiai–Šeškinė–Konstitucijos pr.–Žygimantų g.–Polocko st.	105N	01	NULL	???	6	0	0	0	538218	0
VVT	Autobusai	105N	105	Pašilaičiai–Šeškinė–Konstitucijos pr.–Žygimantų g.–Polocko st.	105N	02	NULL	???	4	0	0	0	538219	0
Privatus	Autobusai	114	114	Saulėtekis–Kairėnų g.–Vinciūniškės	114	01-mt	2-2761	9203	44	44	36	618257	499798	41
VVT	Autobusai	115	115	Antakalnis–Rokantiškės–Parko g.	115	01	2-2025	198	24	20	17	618034	579612	18
VVT	Autobusai	115	115	Antakalnis–Rokantiškės–Parko g.	115	01	2-1723	188	24	4	2	618436	579612	3
VVT	Autobusai	115	115	Antakalnis–Rokantiškės–Parko g.	115	02	2-442	593	22	22	9	618214	579613	21
VVT	Autobusai	115	115	Antakalnis–Rokantiškės–Parko g.	115	03	2-1782	192	34	34	34	618208	579614	34
VVT	Autobusai	115	115	Antakalnis–Rokantiškės–Parko g.	115	04	2-37	187	34	34	30	618092	579615	33
VVT	Autobusai	115	115	Antakalnis–Rokantiškės–Parko g.	115	04	GUE724	187R	34	0	0	618097	579615	0
VVT	Autobusai	115	115	Antakalnis–Rokantiškės–Parko g.	115	05	2-1842	197	12	12	8	618182	579616	11
Privatus	Autobusai	116	116	Žvėrynas–Gudelių šilas–Lazdynai–Ungurių g.	116	01	2-3141	9005	16	16	11	618230	579617	12
Privatus	Autobusai	116	116	Žvėrynas–Gudelių šilas–Lazdynai–Ungurių g.	116	02	2-2737	9008	30	30	12	618162	579618	19
VVT	Troleibusai	1	1	Karoliniškės–Žvėrynas–Stotis	1	01	3-2331	2620	24	22	17	617998	577544	16
VVT	Troleibusai	1	1	Karoliniškės–Žvėrynas–Stotis	1	02Ž	3-10605	2713	24	24	17	618365	577542	16
VVT	Troleibusai	1	1	Karoliniškės–Žvėrynas–Stotis	1	03	3-263	2665	25	23	20	618072	577543	20
VVT	Troleibusai	1	1	Karoliniškės–Žvėrynas–Stotis	1	04	3-2466	2667	26	16	13	618129	577545	14
VVT	Troleibusai	1	1	Karoliniškės–Žvėrynas–Stotis	1	04	3-2017	2441	26	4	4	618433	577545	4
VVT	Troleibusai	1	1	Karoliniškės–Žvėrynas–Stotis	1	04	3-2794	2478	26	1	0	618420	577545	0
VVT	Troleibusai	2	2	Saulėtekis–Žygimantų g.–Stotis	2	01	3-2683	1491	21	11	8	617978	577562	11
VVT	Troleibusai	2	2	Saulėtekis–Žygimantų g.–Stotis	2	01	3-10651	1698	21	10	8	618397	577562	9
VVT	Troleibusai	2	2	Saulėtekis–Žygimantų g.–Stotis	2	01	3-156	1495	21	0	0	618401	577562	0
VVT	Troleibusai	2	2	Saulėtekis–Žygimantų g.–Stotis	2	01	3-3114	1610	21	0	0	618384	577562	0
VVT	Troleibusai	2	2	Saulėtekis–Žygimantų g.–Stotis	2	01	3-10694	1704	21	0	0	618388	577562	0
VVT	Troleibusai	2	2	Saulėtekis–Žygimantų g.–Stotis	2	01	3-10388	1706	21	0	0	618389	577562	0
VVT	Troleibusai	2	2	Saulėtekis–Žygimantų g.–Stotis	2	02Ž	3-1713	1680	22	22	20	618301	577559	21
VVT	Troleibusai	2	2	Saulėtekis–Žygimantų g.–Stotis	2	03	3-3001	1659	21	21	14	618066	577554	19
VVT	Troleibusai	2	2	Saulėtekis–Žygimantų g.–Stotis	2	04M	3-1737	1676	24	24	22	618048	577561	22
VVT	Troleibusai	2	2	Saulėtekis–Žygimantų g.–Stotis	2	05	3-10368	1710	22	22	16	618326	577565	19
VVT	Troleibusai	2	2	Saulėtekis–Žygimantų g.–Stotis	2	06	3-10593	1679	22	22	15	618117	577564	17
VVT	Troleibusai	2	2	Saulėtekis–Žygimantų g.–Stotis	2	07	3-2540	1553	10	10	7	618347	577556	8
VVT	Troleibusai	2	2	Saulėtekis–Žygimantų g.–Stotis	2	08M	3-1692	1700	23	23	18	618195	577558	19
VVT	Troleibusai	2	2	Saulėtekis–Žygimantų g.–Stotis	2	09	3-2699	1131	21	21	14	618316	577560	15
VVT	Troleibusai	2	2	Saulėtekis–Žygimantų g.–Stotis	2	10Ž	3-10353	1709	22	22	13	618363	577563	16
VVT	Troleibusai	2	2	Saulėtekis–Žygimantų g.–Stotis	2	11	3-2720	1133	10	10	10	618372	577557	10
VVT	Troleibusai	2	2	Saulėtekis–Žygimantų g.–Stotis	2	12	3-2865	1514	23	23	18	618256	577555	18
VVT	Troleibusai	2	2	Saulėtekis–Žygimantų g.–Stotis	2	12	3-10353	1709	23	0	0	618359	577555	0
VVT	Troleibusai	3	3	Karoliniškės–Žvėrynas–Šeimyniškių g.	3	01	3-1992	2546	24	24	16	617957	577586	17
VVT	Troleibusai	3	3	Karoliniškės–Žvėrynas–Šeimyniškių g.	3	01	3-2608	1529	24	0	0	618407	577586	0
VVT	Troleibusai	3	3	Karoliniškės–Žvėrynas–Šeimyniškių g.	3	01	3-786	1562	24	0	0	618391	577586	0
VVT	Troleibusai	3	3	Karoliniškės–Žvėrynas–Šeimyniškių g.	3	01	3-844	1617	24	0	0	618385	577586	0
VVT	Troleibusai	3	3	Karoliniškės–Žvėrynas–Šeimyniškių g.	3	01	3-1824	1666	24	0	0	618390	577586	0
VVT	Troleibusai	3	3	Karoliniškės–Žvėrynas–Šeimyniškių g.	3	02	3-1960	2613	10	10	4	618312	577584	5
VVT	Troleibusai	3	3	Karoliniškės–Žvėrynas–Šeimyniškių g.	3	03	3-1949	2551	22	20	12	618361	577588	13
VVT	Troleibusai	3	3	Karoliniškės–Žvėrynas–Šeimyniškių g.	3	04	3-3010	2589	10	10	6	618378	577587	7
VVT	Troleibusai	3	3	Karoliniškės–Žvėrynas–Šeimyniškių g.	3	05	3-2801	2621	24	24	15	618175	577585	17
VVT	Troleibusai	4	4	Antakalnis–Centras–Žemieji Paneriai	4	01	3-729	1108	18	18	12	617927	577604	14
VVT	Troleibusai	4	4	Antakalnis–Centras–Žemieji Paneriai	4	02	3-2829	1542	8	8	5	618317	577607	7
VVT	Troleibusai	4	4	Antakalnis–Centras–Žemieji Paneriai	4	03	3-1895	1530	17	17	12	617933	577606	13
VVT	Troleibusai	4	4	Antakalnis–Centras–Žemieji Paneriai	4	04	3-3064	1513	8	8	6	618371	577608	7
VVT	Troleibusai	4	4	Antakalnis–Centras–Žemieji Paneriai	4	05M	3-10689	1682	18	18	16	618200	577603	16
VVT	Troleibusai	4	4	Antakalnis–Centras–Žemieji Paneriai	4	05M	3-126	1615	18	0	0	618400	577603	0
VVT	Troleibusai	4	4	Antakalnis–Centras–Žemieji Paneriai	4	06	3-2604	1109	8	8	8	618246	577609	8
VVT	Troleibusai	4	4	Antakalnis–Centras–Žemieji Paneriai	4	07	3-2575	1591	18	18	16	618039	577605	17
VVT	Troleibusai	4	4	Antakalnis–Centras–Žemieji Paneriai	4	08	3-2935	1494	8	8	7	618368	577610	7
VVT	Troleibusai	4	4	Antakalnis–Centras–Žemieji Paneriai	4	09M	3-10589	1708	18	18	15	618304	577602	18
VVT	Troleibusai	4	4	Antakalnis–Centras–Žemieji Paneriai	4	10	3-437	1635	18	18	13	618159	577600	16
VVT	Troleibusai	4	4	Antakalnis–Centras–Žemieji Paneriai	4	11	3-3178	1555	8	6	5	618212	577601	5
VVT	Troleibusai	4	4	Antakalnis–Centras–Žemieji Paneriai	4	12Ž	3-10382	1674	18	12	10	617999	577598	10
VVT	Troleibusai	4	4	Antakalnis–Centras–Žemieji Paneriai	4	12Ž	3-859	1533	18	4	2	618432	577598	3
VVT	Troleibusai	4	4	Antakalnis–Centras–Žemieji Paneriai	4	12Ž	3-2691	1497	18	2	0	618414	577598	1
VVT	Troleibusai	4	4	Antakalnis–Centras–Žemieji Paneriai	4	13	3-3071	1637	17	17	15	618351	577599	17
VVT	Troleibusai	4	4	Antakalnis–Centras–Žemieji Paneriai	4	13	3-437	1635	17	0	0	618116	577599	0
VVT	Troleibusai	4	4	Pašilaičiai—Justiniškės—Žemieji Paneriai	13	05	NULL	???	2	0	0	0	577763	0
VVT	Troleibusai	6	6	Žirmūnai–Kalvarijų–J. Basanavičiaus g.–Žemieji Paneriai	6	01	3-3124	1654	17	17	9	617944	577629	14
VVT	Troleibusai	6	6	Žirmūnai–Kalvarijų–J. Basanavičiaus g.–Žemieji Paneriai	6	02	3-2666	1540	7	7	3	618282	577623	6
VVT	Troleibusai	6	6	Žirmūnai–Kalvarijų–J. Basanavičiaus g.–Žemieji Paneriai	6	03	3-3035	1477	16	16	12	618270	577624	15
VVT	Troleibusai	6	6	Žirmūnai–Kalvarijų–J. Basanavičiaus g.–Žemieji Paneriai	6	04	3-2450	1558	8	8	4	618280	577630	5
VVT	Troleibusai	6	6	Žirmūnai–Kalvarijų–J. Basanavičiaus g.–Žemieji Paneriai	6	05Ž	3-10631	1681	18	18	12	617955	577626	17
VVT	Troleibusai	6	6	Žirmūnai–Kalvarijų–J. Basanavičiaus g.–Žemieji Paneriai	6	06	3-1976	1649	16	16	14	618309	577627	16
VVT	Troleibusai	6	6	Žirmūnai–Kalvarijų–J. Basanavičiaus g.–Žemieji Paneriai	6	07	3-22	1596	8	8	6	618360	577631	8
VVT	Troleibusai	6	6	Žirmūnai–Kalvarijų–J. Basanavičiaus g.–Žemieji Paneriai	6	08Ž	3-10391	1703	18	18	12	618028	577628	15
VVT	Troleibusai	6	6	Žirmūnai–Kalvarijų–J. Basanavičiaus g.–Žemieji Paneriai	6	09	3-2871	1640	16	16	10	617956	577632	15
VVT	Troleibusai	6	6	Žirmūnai–Kalvarijų–J. Basanavičiaus g.–Žemieji Paneriai	6	10	3-121	1616	17	17	8	618191	577625	16
VVT	Troleibusai	6	6	Žirmūnai–Kalvarijų–J. Basanavičiaus g.–Žemieji Paneriai	6	11	3-2792	1605	8	8	5	618364	577633	8
VVT	Troleibusai	6	6	Žirmūnai–Kalvarijų–J. Basanavičiaus g.–Žemieji Paneriai	6	12	3-229	1132	16	16	12	618267	577634	16
VVT	Troleibusai	7	7	Pašilaičiai–Justiniškės–Žvėrynas–Stotis	7	01	3-2035	2121	23	23	16	617995	577664	22
VVT	Troleibusai	7	7	Pašilaičiai–Justiniškės–Žvėrynas–Stotis	7	02	3-2464	2122	10	9	6	618318	577667	6
VVT	Troleibusai	7	7	Pašilaičiai–Justiniškės–Žvėrynas–Stotis	7	03	3-2882	2671	21	19	16	618334	577657	16
VVT	Troleibusai	7	7	Pašilaičiai–Justiniškės–Žvėrynas–Stotis	7	04	3-2490	2129	21	19	16	618343	577656	17
VVT	Troleibusai	7	7	Pašilaičiai–Justiniškės–Žvėrynas–Stotis	7	05	3-1945	2626	9	9	5	618355	577663	5
VVT	Troleibusai	7	7	Pašilaičiai–Justiniškės–Žvėrynas–Stotis	7	06M	3-1715	2697	22	20	11	618095	577671	12
VVT	Troleibusai	7	7	Pašilaičiai–Justiniškės–Žvėrynas–Stotis	7	07Ž	3-9995	2712	23	23	14	617924	577665	15
VVT	Troleibusai	7	7	Pašilaičiai–Justiniškės–Žvėrynas–Stotis	7	08	3-1913	2463	9	8	3	618358	577662	6
VVT	Troleibusai	7	7	Pašilaičiai–Justiniškės–Žvėrynas–Stotis	7	09M	3-2222	2714	20	18	12	618158	577670	13
VVT	Troleibusai	7	7	Pašilaičiai–Justiniškės–Žvėrynas–Stotis	7	09M	3-9995	2712	20	0	0	617920	577670	0
VVT	Troleibusai	7	7	Pašilaičiai–Justiniškės–Žvėrynas–Stotis	7	10	3-2867	2128	9	8	3	618233	577661	7
VVT	Troleibusai	7	7	Pašilaičiai–Justiniškės–Žvėrynas–Stotis	7	11	3-1878	2715	18	16	9	618119	577666	12
VVT	Troleibusai	7	7	Pašilaičiai–Justiniškės–Žvėrynas–Stotis	7	12	3-2607	2130	9	8	6	618131	577668	7
VVT	Troleibusai	7	7	Pašilaičiai–Justiniškės–Žvėrynas–Stotis	7	13Ž	3-2359	2687	22	20	12	618218	577672	13
VVT	Troleibusai	7	7	Pašilaičiai–Justiniškės–Žvėrynas–Stotis	7	14	3-2854	2647	10	6	6	618268	577669	6
VVT	Troleibusai	7	7	Pašilaičiai–Justiniškės–Žvėrynas–Stotis	7	14	3-2877	2489	10	2	0	618421	577669	0
VVT	Troleibusai	7	7	Pašilaičiai–Justiniškės–Žvėrynas–Stotis	7	15	3-2428	2688	20	20	14	617970	577673	15
VVT	Troleibusai	7	7	Pašilaičiai–Justiniškės–Žvėrynas–Stotis	7	16	3-225	2648	10	8	3	618276	577658	4
VVT	Troleibusai	7	7	Pašilaičiai–Justiniškės–Žvėrynas–Stotis	7	16	3-2601	2490	10	2	0	618411	577658	0
VVT	Troleibusai	7	7	Pašilaičiai–Justiniškės–Žvėrynas–Stotis	7	17	3-2560	2125	22	22	18	618019	577659	19
VVT	Troleibusai	7	7	Pašilaičiai–Justiniškės–Žvėrynas–Stotis	7	18	3-1848	2136	10	4	3	618297	577660	4
VVT	Troleibusai	9	9	Karoliniškės–Šeimyniškių g.–Šiaurės miestelis	9	01	3-100	2114	24	24	23	618079	577699	23
VVT	Troleibusai	9	9	Karoliniškės–Šeimyniškių g.–Šiaurės miestelis	9	02	3-1569	2623	12	12	8	618281	577698	10
VVT	Troleibusai	9	9	Karoliniškės–Šeimyniškių g.–Šiaurės miestelis	9	03	3-2242	1461	24	24	16	618090	577700	19
VVT	Troleibusai	9	9	Karoliniškės–Šeimyniškių g.–Šiaurės miestelis	9	04	3-2549	1607	10	10	6	618274	577703	7
VVT	Troleibusai	9	9	Karoliniškės–Šeimyniškių g.–Šiaurės miestelis	9	05Ž	3-164	2510	24	12	10	618410	577701	11
VVT	Troleibusai	9	9	Karoliniškės–Šeimyniškių g.–Šiaurės miestelis	9	05Ž	3-2885	2527	24	6	6	618392	577701	6
VVT	Troleibusai	9	9	Karoliniškės–Šeimyniškių g.–Šiaurės miestelis	9	05Ž	3-2108	2695	24	3	3	618190	577701	2
VVT	Troleibusai	9	9	Karoliniškės–Šeimyniškių g.–Šiaurės miestelis	9	06	3-2555	1545	10	10	7	618352	577702	8
VVT	Troleibusai	9	9	Karoliniškės–Šeimyniškių g.–Šiaurės miestelis	9	07	3-2528	1431	24	14	11	618398	577704	11
VVT	Troleibusai	9	9	Karoliniškės–Šeimyniškių g.–Šiaurės miestelis	9	07	3-2685	1552	24	10	8	618189	577704	9
VVT	Troleibusai	9	9	Karoliniškės–Šeimyniškių g.–Šiaurės miestelis	9	08	3-129	2593	10	10	8	618344	577705	9
VVT	Troleibusai	10	10	Saulėtekis–Kalvarijų g.–Naujininkai	10	01	3-2532	1652	18	18	16	618010	577722	18
VVT	Troleibusai	10	10	Saulėtekis–Kalvarijų g.–Naujininkai	10	02	3-746	1639	8	8	4	618349	577723	8
VVT	Troleibusai	10	10	Saulėtekis–Kalvarijų g.–Naujininkai	10	03	3-2037	1627	18	16	10	618025	577724	13
VVT	Troleibusai	10	10	Saulėtekis–Kalvarijų g.–Naujininkai	10	03	3-2691	1497	18	2	0	618425	577724	0
VVT	Troleibusai	10	10	Saulėtekis–Kalvarijų g.–Naujininkai	10	04	3-2733	1592	8	8	5	618232	577719	7
VVT	Troleibusai	10	10	Saulėtekis–Kalvarijų g.–Naujininkai	10	05	3-2621	1609	18	18	14	618201	577720	17
VVT	Troleibusai	10	10	Saulėtekis–Kalvarijų g.–Naujininkai	10	06	3-3076	1642	17	17	16	618202	577725	17
VVT	Troleibusai	10	10	Saulėtekis–Kalvarijų g.–Naujininkai	10	07	3-2552	1112	17	8	8	618405	577721	8
VVT	Troleibusai	10	10	Saulėtekis–Kalvarijų g.–Naujininkai	10	07	3-1283	1653	17	8	6	618042	577721	7
VVT	Troleibusai	10	10	Saulėtekis–Kalvarijų g.–Naujininkai	10	08	3-1502	1559	8	8	7	618313	577727	7
VVT	Troleibusai	10	10	Saulėtekis–Kalvarijų g.–Naujininkai	10	09	3-802	1638	17	17	13	618132	577726	17
VVT	Troleibusai	12	12	Žirmūnai–Šeimyniškių–J. Basanavičiaus g.–Žemieji Paneriai	12	01	3-131	1618	16	16	14	617932	577745	16
VVT	Troleibusai	12	12	Žirmūnai–Šeimyniškių–J. Basanavičiaus g.–Žemieji Paneriai	12	02	3-2707	1656	16	16	11	618348	577747	13
VVT	Troleibusai	12	12	Žirmūnai–Šeimyniškių–J. Basanavičiaus g.–Žemieji Paneriai	12	03	3-2583	1554	8	7	4	618264	577741	5
VVT	Troleibusai	12	12	Žirmūnai–Šeimyniškių–J. Basanavičiaus g.–Žemieji Paneriai	12	04	3-126	1615	16	16	7	617972	577748	12
VVT	Troleibusai	12	12	Žirmūnai–Šeimyniškių–J. Basanavičiaus g.–Žemieji Paneriai	12	05	3-3297	1657	16	16	11	618145	577744	15
VVT	Troleibusai	12	12	Žirmūnai–Šeimyniškių–J. Basanavičiaus g.–Žemieji Paneriai	12	06Ž	3-3066	1677	16	16	9	618222	577746	12
VVT	Troleibusai	12	12	Žirmūnai–Šeimyniškių–J. Basanavičiaus g.–Žemieji Paneriai	12	07	3-2778	1590	8	8	6	618144	577742	8
VVT	Troleibusai	12	12	Žirmūnai–Šeimyniškių–J. Basanavičiaus g.–Žemieji Paneriai	12	08	3-2594	1628	16	16	11	618279	577743	14
VVT	Troleibusai	13	13	Pašilaičiai—Justiniškės—Žemieji Paneriai	13	01	3-1887	2566	10	10	1	618067	577761	4
VVT	Troleibusai	13	13	Pašilaičiai—Justiniškės—Žemieji Paneriai	13	02	3-2008	2126	10	10	8	617930	577765	10
VVT	Troleibusai	13	13	Pašilaičiai—Justiniškės—Žemieji Paneriai	13	03	3-2869	2499	10	10	9	618196	577764	9
VVT	Troleibusai	13	13	Pašilaičiai—Justiniškės—Žemieji Paneriai	13	04	3-1542	2485	6	6	5	618269	577762	6
VVT	Troleibusai	13	13	Pašilaičiai—Justiniškės—Žemieji Paneriai	13	05	3-1941	2135	7	4	4	618402	577763	4
VVT	Troleibusai	14	14	Antakalnis–Šeimyniškių–J. Basanavičiaus g.–Gerosios Vilties st.	14	01	3-2606	1101	20	20	17	618143	577766	20
VVT	Troleibusai	14	14	Antakalnis–Šeimyniškių–J. Basanavičiaus g.–Gerosios Vilties st.	14	02	3-3132	1634	22	22	13	618167	577767	16
VVT	Troleibusai	14	14	Antakalnis–Šeimyniškių–J. Basanavičiaus g.–Gerosios Vilties st.	14	03	3-24	1543	9	9	1	618306	577769	2
VVT	Troleibusai	14	14	Antakalnis–Šeimyniškių–J. Basanavičiaus g.–Gerosios Vilties st.	14	04	3-2777	1641	22	20	15	618015	577768	19
VVT	Troleibusai	15	15	Stotis–Žemieji Paneriai–Titnago g.	15	01	3-1543	1625	12	12	12	618021	577776	12
VVT	Troleibusai	15	15	Stotis–Žemieji Paneriai–Titnago g.	15	02	3-17	1594	12	12	11	617966	577778	11
VVT	Troleibusai	15	15	Stotis–Žemieji Paneriai–Titnago g.	15	03	3-783	1496	12	12	11	618118	577777	12
VVT	Troleibusai	16	16	Pašilaičiai–Lazdynai–Stotis	16	01	3-1964	2470	20	20	15	618000	577779	19
VVT	Troleibusai	16	16	Pašilaičiai–Lazdynai–Stotis	16	02	3-2476	2645	10	10	10	618298	577782	10
VVT	Troleibusai	16	16	Pašilaičiai–Lazdynai–Stotis	16	03Ž	3-2228	2717	20	20	16	618338	577781	19
VVT	Troleibusai	16	16	Pašilaičiai–Lazdynai–Stotis	16	04	3-1873	2673	20	20	12	618064	577788	16
VVT	Troleibusai	16	16	Pašilaičiai–Lazdynai–Stotis	16	05	3-2825	2518	19	19	12	618330	577783	15
VVT	Troleibusai	16	16	Pašilaičiai–Lazdynai–Stotis	16	06	3-122	2548	20	20	14	618135	577780	16
VVT	Troleibusai	16	16	Pašilaičiai–Lazdynai–Stotis	16	07	3-62	2611	8	8	6	618375	577790	7
VVT	Troleibusai	16	16	Pašilaičiai–Lazdynai–Stotis	16	08Ž	3-10625	2684	20	10	4	618206	577789	8
VVT	Troleibusai	16	16	Pašilaičiai–Lazdynai–Stotis	16	09	3-2141	2718	20	20	15	618163	577787	19
VVT	Troleibusai	16	16	Pašilaičiai–Lazdynai–Stotis	16	10	3-2894	2622	19	19	11	617977	577786	11
VVT	Troleibusai	16	16	Pašilaičiai–Lazdynai–Stotis	16	11	3-2459	2663	20	20	16	618210	577784	20
VVT	Troleibusai	16	16	Pašilaičiai–Lazdynai–Stotis	16	12Ž	3-10654	2690	19	19	9	618070	577785	14
VVT	Troleibusai	17	17	Žirmūnai–Naujininkai	17	01Ž	3-10643	1675	18	18	13	618149	577791	16
VVT	Troleibusai	17	17	Žirmūnai–Naujininkai	17	02	3-780	1608	8	8	4	618307	577793	8
VVT	Troleibusai	17	17	Žirmūnai–Naujininkai	17	03	3-238	1563	20	20	20	618231	577800	19
VVT	Troleibusai	17	17	Žirmūnai–Naujininkai	17	04	3-2567	1661	19	19	18	617925	577797	18
VVT	Troleibusai	17	17	Žirmūnai–Naujininkai	17	05	3-119	1113	8	8	5	618354	577798	5
VVT	Troleibusai	17	17	Žirmūnai–Naujininkai	17	06Ž	3-2144	1702	21	21	21	617990	577794	21
VVT	Troleibusai	17	17	Žirmūnai–Naujininkai	17	07	3-418	1629	20	20	17	618284	577801	18
VVT	Troleibusai	17	17	Žirmūnai–Naujininkai	17	08	3-2616	1636	8	6	5	618367	577796	5
VVT	Troleibusai	17	17	Žirmūnai–Naujininkai	17	08	3-2732	1535	8	2	1	618387	577796	1
VVT	Troleibusai	17	17	Žirmūnai–Naujininkai	17	09	3-1296	1633	19	19	17	618150	577792	19
VVT	Troleibusai	17	17	Žirmūnai–Naujininkai	17	10	3-3009	1631	21	21	17	618114	577795	19
VVT	Troleibusai	17	17	Žirmūnai–Naujininkai	17	11	3-2571	1118	8	8	5	618376	577802	6
VVT	Troleibusai	17	17	Žirmūnai–Naujininkai	17	12	3-3097	1630	20	20	20	618337	577799	20
VVT	Troleibusai	18	18	Pašilaičiai–Justiniškės–Žemieji Paneriai–Titnago g.	18	01	3-1942	2668	19	19	18	617997	577820	18
VVT	Troleibusai	18	18	Pašilaičiai–Justiniškės–Žemieji Paneriai–Titnago g.	18	02	3-216	2472	20	20	18	618043	577821	18
VVT	Troleibusai	18	18	Pašilaičiai–Justiniškės–Žemieji Paneriai–Titnago g.	18	03	3-2491	2670	20	20	19	618228	577819	20
VVT	Troleibusai	18	18	Pašilaičiai–Justiniškės–Žemieji Paneriai–Titnago g.	18	04	3-1930	2606	10	10	5	618324	577822	9
VVT	Troleibusai	18	18	Pašilaičiai–Justiniškės–Žvėrynas–Stotis	7	11	3-1878	2715	4	4	4	618119	577666	4
VVT	Troleibusai	18	18	Pašilaičiai—Justiniškės—Žemieji Paneriai	13	04	3-1542	2485	4	4	2	618269	577762	4
VVT	Troleibusai	19	19	Pašilaičiai–Konstitucijos pr.–Antakalnis–Saulėtekis	19	01	3-1766	2462	16	16	12	617935	577827	15
VVT	Troleibusai	19	19	Pašilaičiai–Konstitucijos pr.–Antakalnis–Saulėtekis	19	02	3-2156	1692	16	16	13	618321	577829	14
VVT	Troleibusai	19	19	Pašilaičiai–Konstitucijos pr.–Antakalnis–Saulėtekis	19	03	3-1776	2691	18	18	14	618111	577834	16
VVT	Troleibusai	19	19	Pašilaičiai–Konstitucijos pr.–Antakalnis–Saulėtekis	19	04	3-2819	2624	16	16	13	618147	577839	14
VVT	Troleibusai	19	19	Pašilaičiai–Konstitucijos pr.–Antakalnis–Saulėtekis	19	05	3-125	2536	16	15	11	618260	577838	11
VVT	Troleibusai	19	19	Pašilaičiai–Konstitucijos pr.–Antakalnis–Saulėtekis	19	05	3-98	1643	16	0	0	618413	577838	0
VVT	Troleibusai	19	19	Pašilaičiai–Konstitucijos pr.–Antakalnis–Saulėtekis	19	06	3-98	1643	8	8	5	618339	577832	5
VVT	Troleibusai	19	19	Pašilaičiai–Konstitucijos pr.–Antakalnis–Saulėtekis	19	07Ž	3-10399	2686	16	16	10	618199	577836	14
VVT	Troleibusai	19	19	Pašilaičiai–Konstitucijos pr.–Antakalnis–Saulėtekis	19	08	3-2494	1664	18	18	15	618152	577828	17
VVT	Troleibusai	19	19	Pašilaičiai–Konstitucijos pr.–Antakalnis–Saulėtekis	19	09	3-2007	2522	16	16	12	618266	577833	15
VVT	Troleibusai	19	19	Pašilaičiai–Konstitucijos pr.–Antakalnis–Saulėtekis	19	10	3-2816	2644	8	8	4	618310	577831	7
VVT	Troleibusai	19	19	Pašilaičiai–Konstitucijos pr.–Antakalnis–Saulėtekis	19	11	3-2629	1509	17	17	10	618240	577837	12
VVT	Troleibusai	19	19	Pašilaičiai–Konstitucijos pr.–Antakalnis–Saulėtekis	19	12	3-1995	2588	8	8	4	618350	577835	5
VVT	Troleibusai	19	19	Pašilaičiai–Konstitucijos pr.–Antakalnis–Saulėtekis	19	13	3-118	1719	16	16	10	618251	577830	13
VVT	Troleibusai	20	20	Žirmūnai–Žygimantų–Pylimo g.–Stotis	20	01	3-2663	1658	24	24	22	617991	577860	22
VVT	Troleibusai	20	20	Žirmūnai–Žygimantų–Pylimo g.–Stotis	20	02	3-3150	1619	22	22	16	618319	577857	18
VVT	Troleibusai	20	20	Žirmūnai–Žygimantų–Pylimo g.–Stotis	20	03	3-2700	1660	22	22	18	618136	577858	21
VVT	Troleibusai	20	20	Žirmūnai–Žygimantų–Pylimo g.–Stotis	20	04	3-1875	1655	22	22	19	618342	577859	21
VVT	Troleibusai	20	20	Žirmūnai–Žygimantų–Pylimo g.–Stotis	20	05	3-2620	1651	24	24	22	618123	577861	23
VVT	Troleibusai	21	21	Saulėtekis–Šilo tiltas–Žirmūnai	21	01	3-2605	1612	29	29	23	618259	577865	26
VVT	Troleibusai	21	21	Saulėtekis–Šilo tiltas–Žirmūnai	21	02	3-2648	1508	14	14	13	618292	577866	14
